"NCBI_ID","Genome_ID","Accession_ID","Taxon_name","Attribute","Attribute_value","Attribute_source","Evidence","Frequency","Rank","Parent_name","Parent_NCBI_ID","Parent_rank","Confidence_in_curation"
643561,NA,"NC_015138","Acidovorax avenae subsp. avenae ATCC 19860","bacterial leaf blight of maize and sorghum, brown stripe of rice and red stripe of sugarcane",TRUE,"BacMap","exp","usually","strain","Acidovorax avenae",80867,"species","High"
397945,NA,"NC_008752","Acidovorax citrulli AAC00-1","bacterial fruit blotch",TRUE,"BacMap","exp","usually","strain","Acidovorax citrulli",80869,"species","High"
480119,NA,"NC_011585, NC_011586","Acinetobacter baumannii AB0057","nosocomial infections, nosocomial pneumonia",TRUE,"BacMap","exp","usually","strain","Acinetobacter baumannii",470,"species","High"
557600,NA,"NC_011595","Acinetobacter baumannii AB307-0294","nosocomial infections, nosocomial pneumonia",TRUE,"BacMap","exp","usually","strain","Acinetobacter baumannii",470,"species","High"
405416,NA,"NC_010605, NC_010606, NC_010611","Acinetobacter baumannii ACICU","nosocomial infections, nosocomial pneumonia",TRUE,"BacMap","exp","usually","strain","Acinetobacter baumannii",470,"species","High"
400667,NA,"NC_009083, NC_009084, NC_009085","Acinetobacter baumannii ATCC 17978","nosocomial infections, nosocomial pneumonia",TRUE,"BacMap","exp","usually","strain","Acinetobacter baumannii",470,"species","High"
509173,NA,"NC_010401, NC_010402, NC_010403, NC_010404, NC_010410","Acinetobacter baumannii AYE","nosocomial infections, nosocomial pneumonia",TRUE,"BacMap","exp","usually","strain","Acinetobacter baumannii",470,"species","High"
509170,NA,"NC_010395, NC_010396, NC_010398, NC_010400","Acinetobacter baumannii SDF","nosocomial infections, nosocomial pneumonia",TRUE,"BacMap","exp","usually","strain","Acinetobacter baumannii",470,"species","High"
62977,NA,"NC_005966","Acinetobacter sp. ADP1","nosocomial infections in immunocompromised individuals",TRUE,"BacMap","exp","usually","strain","Acinetobacter baylyi",202950,"species","High"
434271,NA,"NC_010278","Actinobacillus pleuropneumoniae serovar 3 str. JL03","fibrinous and necrotizing pleuropneumonia",TRUE,"BacMap","exp","usually","strain","Actinobacillus pleuropneumoniae",715,"species","High"
416269,NA,"NC_009053","Actinobacillus pleuropneumoniae serovar 5b str. L20","fibrinous and necrotizing pleuropneumonia",TRUE,"BacMap","exp","usually","strain","Actinobacillus pleuropneumoniae",715,"species","High"
537457,NA,"NC_010939, NC_010940, NC_010941, NC_010942","Actinobacillus pleuropneumoniae serovar 7 str. AP76","fibrinous and necrotizing pleuropneumonia",TRUE,"BacMap","exp","usually","strain","Actinobacillus pleuropneumoniae",715,"species","High"
380703,NA,"NC_008570","Aeromonas hydrophila subsp. hydrophila ATCC 7966","gastroenteritis, septicemia, and others",TRUE,"BacMap","exp","usually","strain","Aeromonas hydrophila",644,"species","High"
382245,NA,"NC_004923, NC_004924, NC_004925, NC_009348, NC_009349, NC_009350","Aeromonas salmonicida subsp. salmonicida A449","furunculosis",TRUE,"BacMap","exp","usually","strain","Aeromonas salmonicida",645,"species","High"
176299,NA,"NC_003062, NC_003063, NC_003064, NC_003065","Agrobacterium tumefaciens str. C58","tumors",TRUE,"BacMap","exp","usually","strain","Agrobacterium fabrum",1176649,"species","High"
311402,NA,"NC_011981, NC_011982, NC_011984, NC_011986, NC_011988, NC_011989, NC_011991","Agrobacterium vitis S4","crown gall",TRUE,"BacMap","exp","usually","strain","Agrobacterium vitis",373,"species","High"
316275,NA,"NC_011311, NC_011312, NC_011313, NC_011314, NC_011315, NC_011316","Aliivibrio salmonicida LFI1238","hitra disease",TRUE,"BacMap","exp","usually","strain","Aliivibrio salmonicida",40269,"species","High"
525919,NA,"NC_013164, NC_013171","Anaerococcus prevotii DSM 20548","opportunistic infections",TRUE,"BacMap","exp","usually","strain","Anaerococcus prevotii",33034,"species","High"
574556,NA,"NC_013532","Anaplasma centrale str. Israel","anaplasmosis",TRUE,"BacMap","exp","usually","strain","Anaplasma centrale",769,"species","High"
320483,NA,"NC_012026","Anaplasma marginale str. Florida","bovine anaplasmosis",TRUE,"BacMap","exp","usually","strain","Anaplasma marginale",770,"species","High"
234826,NA,"NC_004842","Anaplasma marginale str. St. Maries","bovine anaplasmosis",TRUE,"BacMap","exp","usually","strain","Anaplasma marginale",770,"species","High"
212042,NA,"NC_007797","Anaplasma phagocytophilum HZ","human granulocytic anaplasmosis",TRUE,"BacMap","exp","usually","strain","Anaplasma phagocytophilum",948,"species","High"
367737,NA,"NC_009850","Arcobacter butzleri RM4018","gastroenteritis and bacteremia",TRUE,"BacMap","exp","usually","strain","Aliarcobacter butzleri",28197,"species","High"
322098,NA,"NC_007716, NC_007717, NC_007718, NC_007719, NC_007720","Aster yellows witches'-broom phytoplasma AYWB","aster yellows witches'-broom",TRUE,"BacMap","exp","usually","strain","Aster yellows witches'-broom phytoplasma",229545,"species","High"
261594,NA,"NC_007322, NC_007323, NC_007530","Bacillus anthracis str. 'Ames Ancestor'","anthrax",TRUE,"BacMap","exp","usually","strain","Bacillus anthracis",1392,"species","High"
592021,NA,"NC_012655, NC_012656, NC_012659","Bacillus anthracis str. A0248","anthrax",TRUE,"BacMap","exp","usually","strain","Bacillus anthracis",1392,"species","High"
198094,NA,"NC_003997","Bacillus anthracis str. Ames","anthrax",TRUE,"BacMap","exp","usually","strain","Bacillus anthracis",1392,"species","High"
568206,NA,"NC_012577, NC_012579, NC_012581","Bacillus anthracis str. CDC 684","anthrax",TRUE,"BacMap","exp","usually","strain","Bacillus anthracis",1392,"species","High"
260799,NA,"NC_005945","Bacillus anthracis str. Sterne","anthrax",TRUE,"BacMap","exp","usually","strain","Bacillus anthracis",1392,"species","High"
649639,NA,"NC_014829","Bacillus cellulosilyticus DSM 2522","no",TRUE,"BacMap","exp","usually","strain","Evansella cellulosilytica",1413,"species","High"
572264,NA,"NC_012472, NC_012473","Bacillus cereus 03BB102","pneumonia",TRUE,"BacMap","exp","usually","strain","Bacillus cereus",1396,"species","High"
405534,NA,"NC_011654, NC_011655, NC_011656, NC_011657, NC_011658","Bacillus cereus AH187","food poisoning",TRUE,"BacMap","exp","usually","strain","Bacillus cereus",1396,"species","High"
405535,NA,"NC_011771, NC_011773, NC_011776, NC_011777","Bacillus cereus AH820","periodontal disease",TRUE,"BacMap","exp","usually","strain","Bacillus cereus",1396,"species","High"
222523,NA,"NC_003909, NC_005707","Bacillus cereus ATCC 10987","food poisoning",TRUE,"BacMap","exp","usually","strain","Bacillus cereus",1396,"species","High"
226900,NA,"NC_004721, NC_004722","Bacillus cereus ATCC 14579","food poisoning",TRUE,"BacMap","exp","usually","strain","Bacillus cereus",1396,"species","High"
405532,NA,"NC_011725","Bacillus cereus B4264","pneumonia",TRUE,"BacMap","exp","usually","strain","Bacillus cereus",1396,"species","High"
637380,NA,"NC_014331, NC_014332, NC_014333, NC_014335","Bacillus cereus biovar anthracis str. CI","anthrax",TRUE,"BacMap","exp","usually","strain","Bacillus cereus",1396,"species","High"
288681,NA,"NC_006274, NC_007103, NC_007104, NC_007105, NC_007106, NC_007107","Bacillus cereus E33L","food poisoning",TRUE,"BacMap","exp","usually","strain","Bacillus cereus",1396,"species","High"
405531,NA,"NC_011772, NC_011774, NC_011775","Bacillus cereus G9842","food poisoning",TRUE,"BacMap","exp","usually","strain","Bacillus cereus",1396,"species","High"
315749,NA,"NC_009673, NC_009674","Bacillus cytotoxicus NVH 391-98","food poisoning",TRUE,"BacMap","exp","usually","strain","Bacillus cytotoxicus",580165,"species","High"
279010,NA,"NC_006270, NC_006322","Bacillus licheniformis ATCC 14580","food poisoning",TRUE,"BacMap","exp","usually","strain","Bacillus licheniformis",1402,"species","High"
281309,NA,"NC_005957, NC_006578","Bacillus thuringiensis serovar konkukian str. 97-27","sotto disease",TRUE,"BacMap","exp","usually","strain","Bacillus thuringiensis",1428,"species","High"
412694,NA,"NC_008598, NC_008600","Bacillus thuringiensis str. Al Hakam","sotto disease",TRUE,"BacMap","exp","usually","strain","Bacillus thuringiensis",1428,"species","High"
315730,NA,"NC_010180, NC_010181, NC_010182, NC_010183, NC_010184","Bacillus weihenstephanensis KBAB4","food poisoning",TRUE,"BacMap","exp","usually","strain","Bacillus mycoides",1405,"species","High"
272559,NA,"NC_003228, NC_006873","Bacteroides fragilis NCTC 9343","severe infection, diarrhea, and abcesses",TRUE,"BacMap","exp","usually","strain","Bacteroides fragilis",817,"species","High"
295405,NA,"NC_006297, NC_006347","Bacteroides fragilis YCH46","severe infection, diarrhea, and abcesses",TRUE,"BacMap","exp","usually","strain","Bacteroides fragilis",817,"species","High"
226186,NA,"NC_004663, NC_004703","Bacteroides thetaiotaomicron VPI-5482","opportunistic peritoneal diseases",TRUE,"BacMap","exp","usually","strain","Bacteroides thetaiotaomicron",818,"species","High"
435590,NA,"NC_009614","Bacteroides vulgatus ATCC 8482","opportunistic peritoneal diseases",TRUE,"BacMap","exp","usually","strain","Phocaeicola vulgatus",821,"species","High"
360095,NA,"NC_008783","Bartonella bacilliformis KC583","carrion's disease, oroya fever",TRUE,"BacMap","exp","usually","strain","Bartonella bacilliformis",774,"species","High"
283166,NA,"NC_005956","Bartonella henselae str. Houston-1","bacillary angiomatosis, cat scratch fever",TRUE,"BacMap","exp","usually","strain","Bartonella henselae",38323,"species","High"
283165,NA,"NC_005955","Bartonella quintana str. Toulouse","bacillary angiomatosis, trench fever",TRUE,"BacMap","exp","usually","strain","Bartonella quintana",803,"species","High"
382640,NA,"NC_010160, NC_010161","Bartonella tribocorum CIP 105476","bartinellosis",TRUE,"BacMap","exp","usually","strain","Bartonella tribocorum",85701,"species","High"
264462,NA,"NC_005363","Bdellovibrio bacteriovorus HD100","cell lysis",TRUE,"BacMap","exp","usually","strain","Bdellovibrio bacteriovorus",959,"species","High"
401473,NA,"NC_013714","Bifidobacterium dentium Bd1","dental caries",TRUE,"BacMap","exp","usually","strain","Bifidobacterium dentium",1689,"species","High"
360910,NA,"NC_010645","Bordetella avium 197N","bordetellosis",TRUE,"BacMap","exp","usually","strain","Bordetella avium",521,"species","High"
257310,NA,"NC_002927","Bordetella bronchiseptica RB50","respiratory diseases",TRUE,"BacMap","exp","usually","strain","Bordetella bronchiseptica",518,"species","High"
257311,NA,"NC_002928","Bordetella parapertussis 12822","respiratory deseases",TRUE,"BacMap","exp","usually","strain","Bordetella parapertussis",519,"species","High"
257313,NA,"NC_002929","Bordetella pertussis Tohama I","respiratory deseases",TRUE,"BacMap","exp","usually","isolate","Bordetella pertussis",520,"species","High"
390236,NA,"NC_008273, NC_008274, NC_008277, NC_008564, NC_008565, NC_008566, NC_008567, NC_008568, NC_008569, NT_167350, NT_167351, NT_167352, CP002933","Borrelia afzelii PKo","acrodermatitis chronica atrophicans",TRUE,"BacMap","exp","usually","strain","Borreliella afzelii",29518,"species","High"
521010,NA,"NC_015903, NC_015904, NC_015905, NC_015906, NC_015907, NC_015908, NC_015909, NC_015910, NC_015911, NC_015915, NC_015916, NC_015917, NC_015918, NC_015919, NC_015920, NC_015921, NC_015922","Borrelia bissettii DN127","lyme disease",TRUE,"BacMap","exp","usually","strain","Borreliella bissettiae",64897,"species","High"
224326,NA,"NC_000948, NC_000949, NC_000950, NC_000951, NC_000952, NC_000953, NC_000954, NC_000955, NC_000956, NC_000957, NC_001318, NC_001849, NC_001850, NC_001851, NC_001852, NC_001853, NC_001854, NC_001855, NC_001856, NC_001857, NC_001903, NC_001904","Borrelia burgdorferi B31","lyme disease",TRUE,"BacMap","exp","usually","strain","Borreliella burgdorferi",139,"species","High"
445985,NA,"NC_011720, NC_011722, NC_011724, NC_011728, NC_011731, NC_011735, NC_011736, NC_011778, NC_011779, NC_011780, NC_011781, NC_011782, NC_011783, NC_011784, NC_011785","Borrelia burgdorferi ZS7","lyme disease",TRUE,"BacMap","exp","usually","strain","Borreliella burgdorferi",139,"species","High"
412419,NA,"NC_011224, NC_011226, NC_011229, NC_011245, NC_011247, NC_011248, NC_011249, NC_011250, NC_011251, NC_011254, NC_011256, NC_011257, NC_011259, NC_011261, NC_011262, NC_011264, NC_011265","Borrelia duttonii Ly","tick-borne relapsing fever",TRUE,"BacMap","exp","usually","strain","Borrelia duttonii",40834,"species","High"
290434,NA,"NC_006128, NC_006129, NC_006156, NS_000196","Borrelia garinii PBi","lyme disease",TRUE,"BacMap","exp","usually","strain","Borreliella garinii",29519,"species","High"
314723,NA,"NC_010673","Borrelia hermsii DAH","tick-borne relapsing fever",TRUE,"BacMap","exp","usually","strain","Borrelia hermsii",140,"species","High"
412418,NA,"NC_011244, NC_011246, NC_011252, NC_011253, NC_011255, NC_011258, NC_011260, NC_011263","Borrelia recurrentis A1","louse-borne relapsing fever",TRUE,"BacMap","exp","usually","strain","Borrelia recurrentis",44449,"species","High"
314724,NA,"NC_008710","Borrelia turicatae 91E135","tick-borne relapsing fever",TRUE,"BacMap","exp","usually","strain","Borrelia turicatae",142,"species","High"
565034,NA,"NC_012225, NC_012226","Brachyspira hyodysenteriae WA1","swine dysentery",TRUE,"BacMap","exp","usually","strain","Brachyspira hyodysenteriae",159,"species","High"
759914,NA,"NC_014330","Brachyspira pilosicoli 95/1000","intestinal spirochetosis",TRUE,"BacMap","exp","usually","strain","Brachyspira pilosicoli",52584,"species","High"
262698,NA,"NC_006932, NC_006933","Brucella abortus bv. 1 str. 9-941","brucellosis",TRUE,"BacMap","exp","usually","strain","Brucella abortus",235,"species","High"
430066,NA,"NC_010740, NC_010742","Brucella abortus S19","spontaneous abortion",TRUE,"BacMap","exp","usually","strain","Brucella abortus",235,"species","High"
483179,NA,"NC_010103, NC_010104","Brucella canis ATCC 23365","canine brucellosis",TRUE,"BacMap","exp","usually","strain","Brucella canis",36855,"species","High"
546272,NA,"NC_012441, NC_012442","Brucella melitensis ATCC 23457","brucellosis",TRUE,"BacMap","exp","usually","strain","Brucella melitensis",29459,"species","High"
359391,NA,"NC_007618, NC_007624","Brucella melitensis biovar Abortus 2308","brucellosis",TRUE,"BacMap","exp","usually","strain","Brucella abortus",235,"species","High"
224914,NA,"NC_003317, NC_003318","Brucella melitensis bv. 1 str. 16M","brucellosis",TRUE,"BacMap","exp","usually","strain","Brucella melitensis",29459,"species","High"
444178,NA,"NC_009504, NC_009505","Brucella ovis ATCC 25840","inflammation of the epididymis and placenta",TRUE,"BacMap","exp","usually","strain","Brucella ovis",236,"species","High"
204722,NA,"NC_004310, NC_004311","Brucella suis 1330","brucellosis, infectious abortions, fever",TRUE,"BacMap","exp","usually","strain","Brucella suis",29461,"species","High"
470137,NA,"NC_010167, NC_010169","Brucella suis ATCC 23445","brucellosis, infectious abortions, fever",TRUE,"BacMap","exp","usually","strain","Brucella suis",29461,"species","High"
398577,NA,"NC_010551, NC_010552, NC_010553, NC_010557","Burkholderia ambifaria MC40-6","cepacia syndrome",TRUE,"BacMap","exp","usually","strain","Burkholderia ambifaria",152480,"species","High"
331271,NA,"NC_008060, NC_008061, NC_008062","Burkholderia cenocepacia AU 1054","necrotizing pneumonia, chronic infections",TRUE,"BacMap","exp","usually","strain","Burkholderia cenocepacia",95486,"species","High"
331272,NA,"NC_008542, NC_008543, NC_008544, NC_008545","Burkholderia cenocepacia HI2424","necrotizing pneumonia, chronic infections",TRUE,"BacMap","exp","usually","strain","Burkholderia cenocepacia",95486,"species","High"
216591,NA,"NC_011000, NC_011001, NC_011002, NC_011003","Burkholderia cenocepacia J2315","necrotizing pneumonia and chronic infections",TRUE,"BacMap","exp","usually","strain","Burkholderia cenocepacia",95486,"species","High"
406425,NA,"NC_010508, NC_010512, NC_010515","Burkholderia cenocepacia MC0-3","necrotizing pneumonia, chronic infections",TRUE,"BacMap","exp","usually","strain","Burkholderia cenocepacia",95486,"species","High"
243160,NA,"NC_006348, NC_006349","Burkholderia mallei ATCC 23344","glanders and pneumonia",TRUE,"BacMap","exp","usually","strain","Burkholderia mallei",13373,"species","High"
412022,NA,"NC_008835, NC_008836","Burkholderia mallei NCTC 10229","glanders and pneumonia",TRUE,"BacMap","exp","usually","strain","Burkholderia mallei",13373,"species","High"
320389,NA,"NC_009079, NC_009080","Burkholderia mallei NCTC 10247","glanders and pneumonia",TRUE,"BacMap","exp","usually","strain","Burkholderia mallei",13373,"species","High"
320388,NA,"NC_008784, NC_008785","Burkholderia mallei SAVP1","glanders and pneumonia",TRUE,"BacMap","exp","usually","strain","Burkholderia mallei",13373,"species","High"
357348,NA,"NC_009076, NC_009078","Burkholderia pseudomallei 1106a","melioidosis",TRUE,"BacMap","exp","usually","strain","Burkholderia pseudomallei",28450,"species","High"
320372,NA,"NC_007434, NC_007435","Burkholderia pseudomallei 1710b","melioidosis",TRUE,"BacMap","exp","usually","strain","Burkholderia pseudomallei",28450,"species","High"
320373,NA,"NC_009074, NC_009075","Burkholderia pseudomallei 668","melioidosis",TRUE,"BacMap","exp","usually","strain","Burkholderia pseudomallei",28450,"species","High"
272560,NA,"NC_006350, NC_006351","Burkholderia pseudomallei K96243","melioidosis",TRUE,"BacMap","exp","usually","strain","Burkholderia pseudomallei",28450,"species","High"
482957,NA,"NC_007509, NC_007510, NC_007511","Burkholderia sp. 383","necrotizing pneumonia and chronic infections",TRUE,"BacMap","exp","usually","species","Burkholderia",32008,"genus","High"
269482,NA,"NC_009226, NC_009227, NC_009228, NC_009229, NC_009230, NC_009254, NC_009255, NC_009256","Burkholderia vietnamiensis G4","necrotizing pneumonia and chroninc infections",TRUE,"BacMap","exp","usually","strain","Burkholderia vietnamiensis",60552,"species","High"
266265,NA,"NC_007951, NC_007952, NC_007953","Burkholderia xenovorans LB400","opportunistic infections",TRUE,"BacMap","exp","usually","strain","Paraburkholderia xenovorans",36873,"species","High"
360104,NA,"NC_009795, NC_009796, NC_009802","Campylobacter concisus 13826","gastroenteritis",TRUE,"BacMap","exp","usually","strain","Campylobacter concisus",199,"species","High"
360105,NA,"NC_009715","Campylobacter curvus 525.92","gastroenteritis, periodontal disease",TRUE,"BacMap","exp","usually","strain","Campylobacter curvus",200,"species","High"
360106,NA,"NC_008599","Campylobacter fetus subsp. fetus 82-40","infertility, infectious abortions, septicemia, meningitis",TRUE,"BacMap","exp","usually","strain","Campylobacter fetus",196,"species","High"
195099,NA,"NC_003912","Campylobacter jejuni RM1221","food poisoning",TRUE,"BacMap","exp","usually","strain","Campylobacter jejuni",197,"species","High"
360109,NA,"NC_009707","Campylobacter jejuni subsp. doylei 269.97","bacteremia",TRUE,"BacMap","exp","usually","strain","Campylobacter jejuni",197,"species","High"
354242,NA,"NC_008770, NC_008787, NC_008790","Campylobacter jejuni subsp. jejuni 81-176","food poisoning",TRUE,"BacMap","exp","usually","strain","Campylobacter jejuni",197,"species","High"
407148,NA,"NC_009839","Campylobacter jejuni subsp. jejuni 81116","food poisoning",TRUE,"BacMap","exp","usually","strain","Campylobacter jejuni",197,"species","High"
192222,NA,"NC_002163","Campylobacter jejuni subsp. jejuni NCTC 11168","food poisoning",TRUE,"BacMap","exp","usually","strain","Campylobacter jejuni",197,"species","High"
306263,NA,"NC_012039, NC_012040","Campylobacter lari RM2100","gastroenteritis and diarrhea",TRUE,"BacMap","exp","usually","strain","Campylobacter lari",201,"species","High"
537021,NA,"NC_012985","Candidatus Liberibacter asiaticus str. psy62","huanglongbing",TRUE,"BacMap","exp","usually","strain","Candidatus Liberibacter asiaticus",34021,"species","High"
37692,NA,"NC_011047","Candidatus Phytoplasma mali","apple proliferation disease",TRUE,"BacMap","exp","usually","species","Candidatus Phytoplasma",33926,"genus","High"
264201,NA,"NC_005861","Candidatus Protochlamydia amoebophila UWE25","probable pneumonia agent",TRUE,"BacMap","exp","usually","strain","Candidatus Protochlamydia amoebophila",362787,"species","High"
243161,NA,"NC_002182, NC_002620","Chlamydia muridarum Nigg","pharyngitis, bronchitis and pneumonitis",TRUE,"BacMap","exp","usually","strain","Chlamydia muridarum",83560,"species","High"
471472,NA,"NC_010287","Chlamydia trachomatis 434/Bu","lymphogranuloma vernerum",TRUE,"BacMap","exp","usually","strain","Chlamydia trachomatis",813,"species","High"
315277,NA,"NC_007429, NC_007430","Chlamydia trachomatis A/HAR-13","pharyngitis, bronchitis and pneumonitis",TRUE,"BacMap","exp","usually","strain","Chlamydia trachomatis",813,"species","High"
672161,NA,"NC_012687","Chlamydia trachomatis B/TZ1A828/OT","ocular infection",TRUE,"BacMap","exp","usually","strain","Chlamydia trachomatis",813,"species","High"
272561,NA,"NC_000117","Chlamydia trachomatis D/UW-3/CX","pharyngitis, bronchitis and pneumonitis",TRUE,"BacMap","exp","usually","strain","Chlamydia trachomatis",813,"species","High"
471473,NA,"NC_010280","Chlamydia trachomatis L2b/UCH-1/proctitis","lymphogranuloma vernerum, proctitis",TRUE,"BacMap","exp","usually","strain","Chlamydia trachomatis",813,"species","High"
218497,NA,"NC_004552","Chlamydophila abortus S26/3","pharyngitis, bronchitis and pneumonitis",TRUE,"BacMap","exp","usually","strain","Chlamydia abortus",83555,"species","High"
227941,NA,"NC_003361, NC_004720","Chlamydophila caviae GPIC","pharyngitis, bronchitis and pneumonitis",TRUE,"BacMap","exp","usually","isolate","Chlamydia caviae",83557,"species","High"
264202,NA,"NC_007899, NC_007900","Chlamydophila felis Fe/C-56","pharyngitis, bronchitis and pneumonitis",TRUE,"BacMap","exp","usually","strain","Chlamydia felis",83556,"species","High"
115713,NA,"NC_000922","Chlamydophila pneumoniae CWL029","pharyngitis, bronchitis and pneumonitis",TRUE,"BacMap","exp","usually","strain","Chlamydia pneumoniae",83558,"species","High"
138677,NA,"NC_002491","Chlamydophila pneumoniae J138","pharyngitis, bronchitis and pneumonitis",TRUE,"BacMap","exp","usually","strain","Chlamydia pneumoniae",83558,"species","High"
182082,NA,"NC_005043","Chlamydophila pneumoniae TW-183","pharyngitis, bronchitis and pneumonitis",TRUE,"BacMap","exp","usually","strain","Chlamydia pneumoniae",83558,"species","High"
243365,NA,"NC_005085","Chromobacterium violaceum ATCC 12472","diarrhea and occasionally septicemia",TRUE,"BacMap","exp","usually","strain","Chromobacterium violaceum",536,"species","High"
290338,NA,"NC_009792, NC_009793, NC_009794","Citrobacter koseri ATCC BAA-895","bacteremia, meningoencephalitis, multiple brain abscesses",TRUE,"BacMap","exp","usually","strain","Citrobacter koseri",545,"species","High"
637910,NA,"NC_013716, NC_013717, NC_013718, NC_013719","Citrobacter rodentium ICC168","murine colonic hyperplasia",TRUE,"BacMap","exp","usually","strain","Citrobacter rodentium",67825,"species","High"
443906,NA,"NC_009478, NC_009479, NC_009480","Clavibacter michiganensis subsp. michiganensis NCPPB 382","tomato bacterial wilt and canker",TRUE,"BacMap","exp","usually","strain","Clavibacter michiganensis",28447,"species","High"
31964,NA,"NC_010399, NC_010407, NC_010408","Clavibacter michiganensis subsp. sepedonicus","wilt and tuber rot, ring rot",TRUE,"BacMap","exp","usually","subspecies","Clavibacter michiganensis",28447,"species","High"
441770,NA,"NC_009697","Clostridium botulinum A str. ATCC 19397","botulism",TRUE,"BacMap","exp","usually","strain","Clostridium botulinum",1491,"species","High"
413999,NA,"NC_009495, NC_009496","Clostridium botulinum A str. ATCC 3502","botulism",TRUE,"BacMap","exp","usually","strain","Clostridium botulinum",1491,"species","High"
441771,NA,"NC_009698","Clostridium botulinum A str. Hall","botulism",TRUE,"BacMap","exp","usually","strain","Clostridium botulinum",1491,"species","High"
536232,NA,"NC_012563","Clostridium botulinum A2 str. Kyoto","botulism",TRUE,"BacMap","exp","usually","strain","Clostridium botulinum",1491,"species","High"
498214,NA,"NC_010418, NC_010520","Clostridium botulinum A3 str. Loch Maree","botulism",TRUE,"BacMap","exp","usually","strain","Clostridium botulinum",1491,"species","High"
498213,NA,"NC_010379, NC_010516","Clostridium botulinum B1 str. Okra","botulism",TRUE,"BacMap","exp","usually","no rank","Clostridium botulinum B1",591968,"strain","High"
508767,NA,"NC_010723","Clostridium botulinum E3 str. Alaska E43","botulism",TRUE,"BacMap","exp","usually","strain","Clostridium botulinum",1491,"species","High"
441772,NA,"NC_009699, NC_009700","Clostridium botulinum F str. Langeland","botulism",TRUE,"BacMap","exp","usually","strain","Clostridium botulinum",1491,"species","High"
272563,NA,"NC_008226, NC_009089","Clostridium difficile 630","antibiotic-associated diarrhea and pseudomembraneous colitis",TRUE,"BacMap","exp","usually","strain","Clostridioides difficile",1496,"species","High"
645463,NA,"NC_013316","Clostridium difficile R20291","antibiotic-associated diarrhea and pseudomembraneous colitis",TRUE,"BacMap","exp","usually","strain","Clostridioides difficile",1496,"species","High"
195103,NA,"NC_008261","Clostridium perfringens ATCC 13124","gas gangrene",TRUE,"BacMap","exp","usually","strain","Clostridium perfringens",1502,"species","High"
195102,NA,"NC_003042, NC_003366","Clostridium perfringens str. 13","gas gangrene",TRUE,"BacMap","exp","usually","strain","Clostridium perfringens",1502,"species","High"
212717,NA,"NC_004557, NC_004565","Clostridium tetani E88","tetanus",TRUE,"BacMap","exp","usually","strain","Clostridium tetani",1513,"species","High"
548476,NA,"NC_010813, NC_012590","Corynebacterium aurimucosum ATCC 700975","opportunistic infections",TRUE,"BacMap","exp","usually","strain","Corynebacterium aurimucosum",169292,"species","High"
257309,NA,"NC_002935","Corynebacterium diphtheriae NCTC 13129","diphtheria",TRUE,"BacMap","exp","usually","strain","Corynebacterium diphtheriae",1717,"species","High"
306537,NA,"NC_003080, NC_007164","Corynebacterium jeikeium K411","nocosomial infections",TRUE,"BacMap","exp","usually","strain","Corynebacterium jeikeium",38289,"species","High"
504474,NA,"NC_010545","Corynebacterium urealyticum DSM 7109","urinary tract infection",TRUE,"BacMap","exp","usually","strain","Corynebacterium urealyticum",43771,"species","High"
434923,NA,"NC_011527","Coxiella burnetii CbuG_Q212","q fever",TRUE,"BacMap","exp","usually","strain","Coxiella burnetii",777,"species","High"
434924,NA,"NC_011526, NC_011528","Coxiella burnetii CbuK_Q154","q fever",TRUE,"BacMap","exp","usually","strain","Coxiella burnetii",777,"species","High"
434922,NA,"NC_009726, NC_009727","Coxiella burnetii Dugway 5J108-111","q-fever",TRUE,"BacMap","exp","usually","strain","Coxiella burnetii",777,"species","High"
360115,NA,"NC_010115, NC_010117","Coxiella burnetii RSA 331","q fever",TRUE,"BacMap","exp","usually","strain","Coxiella burnetii",777,"species","High"
227377,NA,"NC_002971, NC_004704","Coxiella burnetii RSA 493","q fever",TRUE,"BacMap","exp","usually","strain","Coxiella burnetii",777,"species","High"
290339,NA,"NC_009778, NC_009779, NC_009780","Cronobacter sakazakii ATCC BAA-894","meningitis, septicemia, necrotizing enterocolitis",TRUE,"BacMap","exp","usually","strain","Cronobacter sakazakii",28141,"species","High"
469378,NA,"NC_013170","Cryptobacterium curtum DSM 15641","caries and periodontal disease",TRUE,"BacMap","exp","usually","strain","Cryptobacterium curtum",84163,"species","High"
246195,NA,"NC_009446","Dichelobacter nodosus VCS1703A","ovine footrot",TRUE,"BacMap","exp","usually","strain","Dichelobacter nodosus",870,"species","High"
198628,NA,"NC_014500","Dickeya dadantii 3937","soft rot",TRUE,"BacMap","exp","usually","strain","Dickeya dadantii",204038,"species","High"
590409,NA,"NC_013592","Dickeya dadantii Ech586","soft rot disease",TRUE,"BacMap","exp","usually","strain","Dickeya parazeae",2893572,"species","High"
579405,NA,"NC_012880","Dickeya dadantii Ech703","soft rot disease",TRUE,"BacMap","exp","usually","strain","Musicola paradisiaca",69223,"species","High"
561229,NA,"NC_012912","Dickeya zeae Ech1591","soft rot and wilt",TRUE,"BacMap","exp","usually","strain","Dickeya chrysanthemi",556,"species","High"
634503,NA,"NC_012779","Edwardsiella ictaluri 93-146","enteric septicemia",TRUE,"BacMap","exp","usually","strain","Edwardsiella ictaluri",67780,"species","High"
498217,NA,"NC_013508, NC_013509","Edwardsiella tarda EIB202","systemic disease in fish, occassional gastroenteritis, septicemia, and wound infections in humans",TRUE,"BacMap","exp","usually","strain","Edwardsiella tarda",636,"species","High"
479437,NA,"NC_013204","Eggerthella lenta DSM 2243","rare bacteremia",TRUE,"BacMap","exp","usually","strain","Eggerthella lenta",84112,"species","High"
269484,NA,"NC_007354","Ehrlichia canis str. Jake","ehrlichiosis",TRUE,"BacMap","exp","usually","strain","Ehrlichia canis",944,"species","High"
205920,NA,"NC_007799","Ehrlichia chaffeensis str. Arkansas","monocytic ehrlichiosis",TRUE,"BacMap","exp","usually","strain","Ehrlichia chaffeensis",945,"species","High"
302409,NA,"NC_006831","Ehrlichia ruminantium str. Gardel","african heartwater",TRUE,"BacMap","exp","usually","strain","Ehrlichia ruminantium",779,"species","High"
254945,NA,"NC_005295, NC_006832","Ehrlichia ruminantium str. Welgevonden","heartwater",TRUE,"BacMap","exp","usually","strain","Ehrlichia ruminantium",779,"species","High"
226185,NA,"NC_004668, NC_004669, NC_004670, NC_004671","Enterococcus faecalis V583","bacteremia, endocarditis, urinary tract infection",TRUE,"BacMap","exp","usually","strain","Enterococcus faecalis",1351,"species","High"
650150,NA,"NC_015601","Erysipelothrix rhusiopathiae str. Fujisawa","erysipelas in animals, erysipeloid in human",TRUE,"BacMap","exp","usually","strain","Erysipelothrix rhusiopathiae",1648,"species","High"
362663,NA,"NC_008253","Escherichia coli 536","urinary tract infection",TRUE,"BacMap","exp","usually","strain","Escherichia coli",562,"species","High"
585055,NA,"NC_011748","Escherichia coli 55989","gastroenteritis",TRUE,"BacMap","exp","usually","strain","Escherichia coli",562,"species","High"
405955,NA,"NC_008563, NC_009837, NC_009838","Escherichia coli APEC O1","colibacillosis",TRUE,"BacMap","exp","usually","strain","Escherichia coli",562,"species","High"
199310,NA,"NC_004431","Escherichia coli CFT073","urinary tract infections",TRUE,"BacMap","exp","usually","strain","Escherichia coli",562,"species","High"
331111,NA,"NC_009786, NC_009787, NC_009788, NC_009789, NC_009790, NC_009791, NC_009801","Escherichia coli E24377A","diarrhea",TRUE,"BacMap","exp","usually","strain","Escherichia coli",562,"species","High"
585397,NA,"NC_011745","Escherichia coli ED1a","gastroenteritis",TRUE,"BacMap","exp","usually","strain","Escherichia coli",562,"species","High"
585057,NA,"NC_011750","Escherichia coli IAI39","urinary tract infection",TRUE,"BacMap","exp","usually","strain","Escherichia coli",562,"species","High"
444450,NA,"NC_011350, NC_011351, NC_011353","Escherichia coli O157:H7 str. EC4115","hemorrhagic colitis",TRUE,"BacMap","exp","usually","strain","Escherichia coli",562,"species","High"
155864,NA,"NC_002655, NC_007414","Escherichia coli O157:H7 str. EDL933","hemorrhagic colitis",TRUE,"BacMap","exp","usually","strain","Escherichia coli",562,"species","High"
386585,NA,"NC_002127, NC_002128, NC_002695","Escherichia coli O157:H7 str. Sakai","hemorrhagic colitis",TRUE,"BacMap","exp","usually","strain","Escherichia coli",562,"species","High"
544404,NA,"NC_013008, NC_013010","Escherichia coli O157:H7 str. TW14359","hemorrhagic colitis",TRUE,"BacMap","exp","usually","strain","Escherichia coli",562,"species","High"
573235,NA,"NC_013361, NC_013362, NC_013363, NC_013369, NC_014543","Escherichia coli O26:H11 str. 11368","hemorrhagic colitis",TRUE,"BacMap","exp","usually","strain","Escherichia coli",562,"species","High"
585035,NA,"NC_011742, NC_011747","Escherichia coli S88","gastroenteritis, opportunistic infections",TRUE,"BacMap","exp","usually","strain","Escherichia coli",562,"species","High"
585056,NA,"NC_011739, NC_011749, NC_011751","Escherichia coli UMN026","urinary tract infection",TRUE,"BacMap","exp","usually","strain","Escherichia coli",562,"species","High"
364106,NA,"NC_007941, NC_007946","Escherichia coli UTI89","cystitis",TRUE,"BacMap","exp","usually","strain","Escherichia coli",562,"species","High"
585054,NA,"NC_011740, NC_011743","Escherichia fergusonii ATCC 35469","wound and urinary tract infections, bacteremia",TRUE,"BacMap","exp","usually","strain","Escherichia fergusonii",564,"species","High"
402612,NA,"NC_009613","Flavobacterium psychrophilum JIP02/86","cold water disease, rainbow trout fry syndrome",TRUE,"BacMap","exp","usually","strain","Flavobacterium psychrophilum",96345,"species","High"
484022,NA,"NC_010331, NC_010336","Francisella philomiragia subsp. philomiragia ATCC 25017","bacteremia, pneumonia",TRUE,"BacMap","exp","usually","strain","Francisella philomiragia",28110,"species","High"
458234,NA,"NC_009749","Francisella tularensis subsp. holarctica FTNF002-00","tularemia",TRUE,"BacMap","exp","usually","strain","Francisella tularensis",263,"species","High"
376619,NA,"NC_007880","Francisella tularensis subsp. holarctica LVS","tularemia",TRUE,"BacMap","exp","usually","strain","Francisella tularensis",263,"species","High"
393011,NA,"NC_008369","Francisella tularensis subsp. holarctica OSU18","tularemia",TRUE,"BacMap","exp","usually","strain","Francisella tularensis",263,"species","High"
441952,NA,"NC_010677","Francisella tularensis subsp. mediasiatica FSC147","tularemia",TRUE,"BacMap","exp","usually","strain","Francisella tularensis",263,"species","High"
393115,NA,"NC_008245","Francisella tularensis subsp. tularensis FSC198","tularemia",TRUE,"BacMap","exp","usually","strain","Francisella tularensis",263,"species","High"
177416,NA,"NC_006570","Francisella tularensis subsp. tularensis SCHU S4","tularemia",TRUE,"BacMap","exp","usually","strain","Francisella tularensis",263,"species","High"
418136,NA,"NC_009257","Francisella tularensis subsp. tularensis WY96-3418","tularemia",TRUE,"BacMap","exp","usually","strain","Francisella tularensis",263,"species","High"
190304,NA,"NC_003454","Fusobacterium nucleatum subsp. nucleatum ATCC 25586","periodontal diseases and some inflammations",TRUE,"BacMap","exp","usually","strain","Fusobacterium nucleatum",851,"species","High"
525284,NA,"NC_014644","Gardnerella vaginalis ATCC 14019","bacterial vaginosis",TRUE,"BacMap","exp","usually","strain","Gardnerella vaginalis",2702,"species","High"
471223,NA,"NC_012790, NC_012793, NC_012794","Geobacillus sp. WCH70","no",TRUE,"BacMap","exp","usually","species","Geobacillus",129337,"genus","High"
634956,NA,"NC_015660, NC_015661, NC_015665","Geobacillus thermoglucosidasius C56-YS93","endospore-forming",TRUE,"BacMap","exp","usually","strain","Parageobacillus thermoglucosidasius",1426,"species","High"
526226,NA,"NC_013441, NC_013442","Gordonia bronchialis DSM 43247","septicemia, endocarditis, lung and wound infections",TRUE,"BacMap","exp","usually","strain","Gordonia bronchialis",2054,"species","High"
391165,NA,"NC_008343","Granulibacter bethesdensis CGDNIH1","chronic granulomatous disease",TRUE,"BacMap","exp","usually","strain","Granulibacter bethesdensis",364410,"species","High"
233412,NA,"NC_002940","Haemophilus ducreyi 35000HP","genital ulcer disease",TRUE,"BacMap","exp","usually","strain","[Haemophilus] ducreyi",730,"species","High"
281310,NA,"NC_007146","Haemophilus influenzae 86-028NP","meningitis, speticemia, otitis media, sinusitis, chronic bronchitis",TRUE,"BacMap","exp","usually","strain","Haemophilus influenzae",727,"species","High"
374930,NA,"NC_009566","Haemophilus influenzae PittEE","meningitis, septicemia, otitis media, sinusitis, chronic bronchitis",TRUE,"BacMap","exp","usually","strain","Haemophilus influenzae",727,"species","High"
374931,NA,"NC_009567","Haemophilus influenzae PittGG","meningitis, septicemia, otitis media, sinusitis, chronic bronchitis",TRUE,"BacMap","exp","usually","strain","Haemophilus influenzae",727,"species","High"
71421,NA,"NC_000907","Haemophilus influenzae Rd KW20","meningitis, speticemia, otitis media, sinusitis, chronic bronchitis",TRUE,"BacMap","exp","usually","strain","Haemophilus influenzae",727,"species","High"
557723,NA,"NC_011852","Haemophilus parasuis SH0165","glasser's disease",TRUE,"BacMap","exp","usually","strain","Glaesserella parasuis",738,"species","High"
205914,NA,"NC_006298, NC_008309","Haemophilus somnus 129PT","pneumonia, arthritis, myocarditis, and reproductive problems",TRUE,"BacMap","exp","usually","strain","Histophilus somni",731,"species","High"
228400,NA,"NC_010519","Haemophilus somnus 2336","pneumonia, arthritis, myocarditis, and reproductive problems",TRUE,"BacMap","exp","usually","strain","Histophilus somni",731,"species","High"
382638,NA,"NC_008229, NC_008230","Helicobacter acinonychis str. Sheeba","gastric lesions",TRUE,"BacMap","exp","usually","strain","Helicobacter acinonychis",212,"species","High"
235279,NA,"NC_004917","Helicobacter hepaticus ATCC 51449","hepatitis, typhlitis, hepatocellular tumors, and gastric bowel disease",TRUE,"BacMap","exp","usually","strain","Helicobacter hepaticus",32025,"species","High"
85962,NA,"NC_000915, NC_014257","Helicobacter pylori 26695","gastric inflammation and peptic ulcer disease",TRUE,"BacMap","exp","usually","strain","Helicobacter pylori",210,"species","High"
592205,NA,"NC_012973","Helicobacter pylori B38","gastric ulcer",TRUE,"BacMap","exp","usually","strain","Helicobacter pylori",210,"species","High"
693745,NA,"NC_014256","Helicobacter pylori B8","gastric ulcer",TRUE,"BacMap","exp","usually","strain","Helicobacter pylori",210,"species","High"
357544,NA,"NC_008086, NC_008087","Helicobacter pylori HPAG1","gastric ulcer",TRUE,"BacMap","exp","usually","strain","Helicobacter pylori",210,"species","High"
85963,NA,"NC_000921","Helicobacter pylori J99","gastric inflammation and peptic ulcer disease",TRUE,"BacMap","exp","usually","strain","Helicobacter pylori",210,"species","High"
570508,NA,"NC_011498, NC_011499","Helicobacter pylori P12","gastric inflammation and peptic ulcer disease",TRUE,"BacMap","exp","usually","strain","Helicobacter pylori",210,"species","High"
512562,NA,"NC_010698","Helicobacter pylori Shi470","gastric ulcer",TRUE,"BacMap","exp","usually","strain","Helicobacter pylori",210,"species","High"
272620,NA,"NC_009648, NC_009649, NC_009650, NC_009651, NC_009652, NC_009653","Klebsiella pneumoniae subsp. pneumoniae MGH 78578","pneumonia and urinary tract infections",TRUE,"BacMap","exp","usually","strain","Klebsiella pneumoniae",573,"species","High"
484021,NA,"NC_006625, NC_012731","Klebsiella pneumoniae subsp. pneumoniae NTUH-K2044","pneumonia and urinary tract infections",TRUE,"BacMap","exp","usually","strain","Klebsiella pneumoniae",573,"species","High"
557598,NA,"NC_012559","Laribacter hongkongensis HLHK9","gastroenteritis, opportunistic infections",TRUE,"BacMap","exp","usually","strain","Laribacter hongkongensis",168471,"species","High"
363253,NA,"NC_008011, NC_008012, NC_008013, NC_008014","Lawsonia intracellularis PHE/MN1-00","proliferative enteropathy",TRUE,"BacMap","exp","usually","strain","Lawsonia intracellularis",29546,"species","High"
423212,NA,"NC_014125","Legionella pneumophila 2300/99 Alcoy","legionnaire's disease",TRUE,"BacMap","exp","usually","strain","Legionella pneumophila",446,"species","High"
400673,NA,"NC_009494","Legionella pneumophila str. Corby","legionnaire's disease",TRUE,"BacMap","exp","usually","strain","Legionella pneumophila",446,"species","High"
297245,NA,"NC_006366, NC_006369","Legionella pneumophila str. Lens","legionnaire's disease",TRUE,"BacMap","exp","usually","strain","Legionella pneumophila",446,"species","High"
297246,NA,"NC_006365, NC_006368","Legionella pneumophila str. Paris","legionnaire's disease",TRUE,"BacMap","exp","usually","strain","Legionella pneumophila",446,"species","High"
272624,NA,"NC_002942","Legionella pneumophila subsp. pneumophila str. Philadelphia 1","legionnaire's disease",TRUE,"BacMap","exp","usually","strain","Legionella pneumophila",446,"species","High"
281090,NA,"NC_006087","Leifsonia xyli subsp. xyli str. CTCB07","ratoon stunting disease",TRUE,"BacMap","exp","usually","strain","Leifsonia xyli",1575,"species","High"
355277,NA,"NC_008510, NC_008511","Leptospira borgpetersenii serovar Hardjo-bovis JB197","leptospirosis",TRUE,"BacMap","exp","usually","strain","Leptospira borgpetersenii",174,"species","High"
355276,NA,"NC_008508, NC_008509","Leptospira borgpetersenii serovar Hardjo-bovis L550","leptospirosis",TRUE,"BacMap","exp","usually","strain","Leptospira borgpetersenii",174,"species","High"
267671,NA,"NC_005823, NC_005824","Leptospira interrogans serovar Copenhageni str. Fiocruz L1-130","leptospirosis",TRUE,"BacMap","exp","usually","strain","Leptospira interrogans",173,"species","High"
189518,NA,"NC_004342, NC_004343","Leptospira interrogans serovar Lai str. 56601","leptospirosis",TRUE,"BacMap","exp","usually","strain","Leptospira interrogans",173,"species","High"
523794,NA,"NC_013192","Leptotrichia buccalis C-1013-b","rare bacteremia, endocarditis",TRUE,"BacMap","exp","usually","strain","Leptotrichia buccalis",40542,"species","High"
169963,NA,"NC_003210","Listeria monocytogenes EGD-e","listeriosis",TRUE,"BacMap","exp","usually","strain","Listeria monocytogenes",1639,"species","High"
552536,NA,"NC_011660","Listeria monocytogenes HCC23","listeriosis",TRUE,"BacMap","exp","usually","strain","Listeria monocytogenes",1639,"species","High"
568819,NA,"NC_012488","Listeria monocytogenes serotype 4b str. CLIP 80459","listeriosis",TRUE,"BacMap","exp","usually","strain","Listeria monocytogenes",1639,"species","High"
265669,NA,"NC_002973","Listeria monocytogenes serotype 4b str. F2365","listeriosis",TRUE,"BacMap","exp","usually","strain","Listeria monocytogenes",1639,"species","High"
444177,NA,"NC_010381, NC_010382","Lysinibacillus sphaericus C3-41","larvicidal toxin",TRUE,"BacMap","exp","usually","strain","Lysinibacillus sphaericus",1421,"species","High"
449447,NA,"NC_010296","Microcystis aeruginosa NIES-843","cyanobacterial hepatotoxicosis, gastroenteritis, skin irritation",TRUE,"BacMap","exp","usually","strain","Microcystis aeruginosa",1126,"species","High"
561007,NA,"NC_010394, NC_010397","Mycobacterium abscessus ATCC 19977","lung, skin, and wound infections",TRUE,"BacMap","exp","usually","strain","Mycobacteroides abscessus",36809,"species","High"
243243,NA,"NC_008595","Mycobacterium avium 104","tuberculosis type pulmonary infections",TRUE,"BacMap","exp","usually","strain","Mycobacterium avium",1764,"species","High"
262316,NA,"NC_002944","Mycobacterium avium subsp. paratuberculosis K-10","paratuberculosis",TRUE,"BacMap","exp","usually","strain","Mycobacterium avium",1764,"species","High"
233413,NA,"NC_002945","Mycobacterium bovis AF2122/97","tuberculosis in cattle",TRUE,"BacMap","exp","usually","strain","Mycobacterium tuberculosis",1773,"species","High"
410289,NA,"NC_008769","Mycobacterium bovis BCG str. Pasteur 1173P2","bovine tuberculosis",TRUE,"BacMap","exp","usually","strain","Mycobacterium tuberculosis",1773,"species","High"
561304,NA,"NC_011896","Mycobacterium leprae Br4923","leprosy",TRUE,"BacMap","exp","usually","strain","Mycobacterium leprae",1769,"species","High"
272631,NA,"NC_002677","Mycobacterium leprae TN","leprosy",TRUE,"BacMap","exp","usually","strain","Mycobacterium leprae",1769,"species","High"
216594,NA,"NC_010604, NC_010612","Mycobacterium marinum M","tuberculosis-like infection in fish, skin infection, arthritis in human",TRUE,"BacMap","exp","usually","strain","Mycobacterium marinum",1781,"species","High"
246196,NA,"NC_008596","Mycobacterium smegmatis str. MC2 155","soft tissue lesions",TRUE,"BacMap","exp","usually","strain","Mycolicibacterium smegmatis",1772,"species","High"
83331,NA,"NC_002755","Mycobacterium tuberculosis CDC1551","tuberculosis",TRUE,"BacMap","exp","usually","strain","Mycobacterium tuberculosis",1773,"species","High"
336982,NA,"NC_009565","Mycobacterium tuberculosis F11","tuberculosis",TRUE,"BacMap","exp","usually","strain","Mycobacterium tuberculosis",1773,"species","High"
419947,NA,"NC_009525","Mycobacterium tuberculosis H37Ra","tuberculosis (attenuated)",TRUE,"BacMap","exp","usually","strain","Mycobacterium tuberculosis",1773,"species","High"
83332,NA,"NC_000962","Mycobacterium tuberculosis H37Rv","tuberculosis",TRUE,"BacMap","exp","usually","strain","Mycobacterium tuberculosis",1773,"species","High"
478434,NA,"NC_012943","Mycobacterium tuberculosis KZN 1435","tuberculosis",TRUE,"BacMap","exp","usually","strain","Mycobacterium tuberculosis",1773,"species","High"
362242,NA,"NC_005916, NC_008611","Mycobacterium ulcerans Agy99","buruli ulcer",TRUE,"BacMap","exp","usually","strain","Mycobacterium ulcerans",1809,"species","High"
347257,NA,"NC_009497, NC_013948","Mycoplasma agalactiae PG2","mastitis, arthritis, and pneumonia",TRUE,"BacMap","exp","usually","strain","Mycoplasmopsis agalactiae",2110,"species","High"
243272,NA,"NC_011025","Mycoplasma arthritidis 158L3-1","acute rat polyarthritis and murine chronic proliferative arthritis",TRUE,"BacMap","exp","usually","strain","Metamycoplasma arthritidis",2111,"species","High"
289397,NA,"NC_014760","Mycoplasma bovis PG45","respiratory disease, mastitis, arthritis",TRUE,"BacMap","exp","usually","strain","Mycoplasmopsis bovis",28903,"species","High"
340047,NA,"NC_007633","Mycoplasma capricolum subsp. capricolum ATCC 27343","severe arthritis and septicemia",TRUE,"BacMap","exp","usually","strain","Mycoplasma capricolum",2095,"species","High"
572263,NA,"NC_012806","Mycoplasma conjunctivae HRC/581","infectious keratoconjunctivitis",TRUE,"BacMap","exp","usually","strain","Mesomycoplasma conjunctivae",45361,"species","High"
512564,NA,"NC_014014","Mycoplasma crocodyli MP145","polyarthritis",TRUE,"BacMap","exp","usually","strain","Mycoplasma crocodyli",50052,"species","High"
637387,NA,"NC_014552","Mycoplasma fermentans JER","respiratory and urogenital tract infections, arthritis",TRUE,"BacMap","exp","usually","strain","Mycoplasmopsis fermentans",2115,"species","High"
943945,NA,"NC_014921","Mycoplasma fermentans M64","respiratory illness and arthritis",TRUE,"BacMap","exp","usually","strain","Mycoplasmopsis fermentans",2115,"species","High"
710127,NA,"NC_004829","Mycoplasma gallisepticum str. R(low)","chronic respiratory diseases",TRUE,"BacMap","exp","usually","no rank","Mycoplasma gallisepticum str. R",233150,"strain","High"
243273,NA,"NC_000908","Mycoplasma genitalium G37","urogenital or respiratory tract infections",TRUE,"BacMap","exp","usually","strain","Mycoplasma genitalium",2097,"species","High"
295358,NA,"NC_006360","Mycoplasma hyopneumoniae 232","swine mycoplasmosis",TRUE,"BacMap","exp","usually","strain","Mesomycoplasma hyopneumoniae",2099,"species","High"
262722,NA,"NC_007332","Mycoplasma hyopneumoniae 7448","enzootic pneumonia",TRUE,"BacMap","exp","usually","strain","Mesomycoplasma hyopneumoniae",2099,"species","High"
262719,NA,"NC_007295","Mycoplasma hyopneumoniae J","enzootic pneumonia",TRUE,"BacMap","exp","usually","strain","Mesomycoplasma hyopneumoniae",2099,"species","High"
272632,NA,"NC_005364","Mycoplasma mycoides subsp. mycoides SC str. PG1","contagious bovine pleuropneumonia (cbpp)",TRUE,"BacMap","exp","usually","no rank","Mycoplasma mycoides subsp. mycoides SC",44101,"strain","High"
272633,NA,"NC_004432","Mycoplasma penetrans HF-2","urogenital or respiratory tract infections",TRUE,"BacMap","exp","usually","strain","Malacoplasma penetrans",28227,"species","High"
272634,NA,"NC_000912","Mycoplasma pneumoniae M129","atypical pneumonia in older children and young adults",TRUE,"BacMap","exp","usually","strain","Mycoplasma pneumoniae",2104,"species","High"
272635,NA,"NC_002771","Mycoplasma pulmonis UAB CTIP","respiratory mycoplasmosis",TRUE,"BacMap","exp","usually","strain","Mycoplasmopsis pulmonis",2107,"species","High"
768700,NA,"NC_015155","Mycoplasma suis str. Illinois","anemia",TRUE,"BacMap","exp","usually","strain","Mycoplasma suis",57372,"species","High"
262723,NA,"NC_007294","Mycoplasma synoviae 53","chronic respiratory disease in chicken",TRUE,"BacMap","exp","usually","strain","Mycoplasmopsis synoviae",2109,"species","High"
242231,NA,"NC_002946","Neisseria gonorrhoeae FA 1090","gonorrhea",TRUE,"BacMap","exp","usually","strain","Neisseria gonorrhoeae",485,"species","High"
521006,NA,"NC_011034, NC_011035","Neisseria gonorrhoeae NCCP11945","gonorrhea",TRUE,"BacMap","exp","usually","strain","Neisseria gonorrhoeae",485,"species","High"
374833,NA,"NC_010120","Neisseria meningitidis 053442","meningitis and septicemia",TRUE,"BacMap","exp","usually","strain","Neisseria meningitidis",487,"species","High"
272831,NA,"NC_008767","Neisseria meningitidis FAM18","meningitis and septicemia",TRUE,"BacMap","exp","usually","strain","Neisseria meningitidis",487,"species","High"
122586,NA,"NC_003112","Neisseria meningitidis MC58","meningitis and septicemia",TRUE,"BacMap","exp","usually","strain","Neisseria meningitidis",487,"species","High"
122587,NA,"NC_003116","Neisseria meningitidis Z2491","meningitis and septicemia",TRUE,"BacMap","exp","usually","strain","Neisseria meningitidis",487,"species","High"
434131,NA,"NC_013009","Neorickettsia risticii str. Illinois","potomac horse fever, equine monocytic ehrlichiosis",TRUE,"BacMap","exp","usually","strain","Neorickettsia risticii",950,"species","High"
222891,NA,"NC_007798","Neorickettsia sennetsu str. Miyayama","sennetsu fever",TRUE,"BacMap","exp","usually","strain","Neorickettsia sennetsu",951,"species","High"
247156,NA,"NC_006361, NC_006362, NC_006363","Nocardia farcinica IFM 10152","nocardiosis",TRUE,"BacMap","exp","usually","strain","Nocardia farcinica",37329,"species","High"
439375,NA,"NC_009667, NC_009668, NC_009669, NC_009670, NC_009671, NC_009672","Ochrobactrum anthropi ATCC 49188","opportunistic infections",TRUE,"BacMap","exp","usually","strain","Brucella anthropi",529,"species","High"
262768,NA,"NC_005303","Onion yellows phytoplasma OY-M","onions yellow disease",TRUE,"BacMap","exp","usually","strain","Onion yellows phytoplasma",100379,"species","High"
357244,NA,"NC_009488","Orientia tsutsugamushi str. Boryong","scrub typhus",TRUE,"BacMap","exp","usually","strain","Orientia tsutsugamushi",784,"species","High"
334380,NA,"NC_010793","Orientia tsutsugamushi str. Ikeda","scrub typhus",TRUE,"BacMap","exp","usually","strain","Orientia tsutsugamushi",784,"species","High"
706191,NA,"NC_013956","Pantoea ananatis LMG 20103","blight",TRUE,"BacMap","exp","usually","strain","Pantoea ananatis",553,"species","High"
592316,NA,"NC_014837, NC_014838, NC_014839, NC_014840, NC_014841, NC_014842","Pantoea sp. At-9b","leaf blight, stewart's bacterial wilt",TRUE,"BacMap","exp","usually","species","Pantoea",53335,"genus","High"
435591,NA,"NC_009615","Parabacteroides distasonis ATCC 8503","opportunistic peritoneal diseases",TRUE,"BacMap","exp","usually","strain","Parabacteroides distasonis",823,"species","High"
272843,NA,"NC_002663","Pasteurella multocida subsp. multocida str. Pm70","pasteurellosis",TRUE,"BacMap","exp","usually","strain","Pasteurella multocida",747,"species","High"
218491,NA,"NC_004547","Pectobacterium atrosepticum SCRI1043","soft rot disease of potatoes",TRUE,"BacMap","exp","usually","strain","Pectobacterium atrosepticum",29471,"species","High"
561231,NA,"NC_013421","Pectobacterium wasabiae WPP163","soft rot disease",TRUE,"BacMap","exp","usually","strain","Pectobacterium parmentieri",1905730,"species","High"
553480,NA,"NC_012962","Photorhabdus asymbiotica subsp. asymbiotica ATCC 43949","wound infections, bacteremia",TRUE,"BacMap","exp","usually","strain","Photorhabdus asymbiotica",291112,"species","High"
243265,NA,"NC_005126","Photorhabdus luminescens subsp. laumondii TTO1","toxemia and septicemia",TRUE,"BacMap","exp","usually","strain","Photorhabdus laumondii",2218628,"species","High"
431947,NA,"NC_010729","Porphyromonas gingivalis ATCC 33277","periodontal disease",TRUE,"BacMap","exp","usually","strain","Porphyromonas gingivalis",837,"species","High"
242619,NA,"NC_002950","Porphyromonas gingivalis W83","periodontal disease",TRUE,"BacMap","exp","usually","strain","Porphyromonas gingivalis",837,"species","High"
267747,NA,"NC_006085","Propionibacterium acnes KPA171202","acne",TRUE,"BacMap","exp","usually","strain","Cutibacterium acnes",1747,"species","High"
529507,NA,"NC_010554, NC_010555","Proteus mirabilis HI4320","encephalitis, urinary tract infections, surgical wound infections, pyelonephritis, pneumonia, septicemia",TRUE,"BacMap","exp","usually","strain","Proteus mirabilis",584,"species","High"
342610,NA,"NC_008228","Pseudoalteromonas atlantica T6c","shell disease",TRUE,"BacMap","exp","usually","strain","Pseudoalteromonas atlantica",288,"species","High"
557722,NA,"NC_011770","Pseudomonas aeruginosa LESB58","lung infections",TRUE,"BacMap","exp","usually","strain","Pseudomonas aeruginosa",287,"species","High"
381754,NA,"NC_009656","Pseudomonas aeruginosa PA7","opportunistic infections",TRUE,"BacMap","exp","usually","strain","Pseudomonas aeruginosa",287,"species","High"
208964,NA,"NC_002516","Pseudomonas aeruginosa PAO1","opportunistic infections",TRUE,"BacMap","exp","usually","strain","Pseudomonas aeruginosa",287,"species","High"
208963,NA,"NC_008463","Pseudomonas aeruginosa UCBPP-PA14","opportunistic infections",TRUE,"BacMap","exp","usually","strain","Pseudomonas aeruginosa",287,"species","High"
384676,NA,"NC_008027","Pseudomonas entomophila L48","cellular destruction",TRUE,"BacMap","exp","usually","strain","Pseudomonas entomophila",312306,"species","High"
399739,NA,"NC_009439","Pseudomonas mendocina ymp","spondylodiscitis (rare)",TRUE,"BacMap","exp","usually","strain","Pseudomonas mendocina",300,"species","High"
264730,NA,"NC_005773, NC_007274, NC_007275","Pseudomonas syringae pv. phaseolicola 1448A","plant rot",TRUE,"BacMap","exp","usually","strain","Pseudomonas savastanoi",29438,"species","High"
205918,NA,"NC_007005","Pseudomonas syringae pv. syringae B728a","plant rot",TRUE,"BacMap","exp","usually","strain","Pseudomonas syringae",317,"species","High"
223283,NA,"NC_004578, NC_004632, NC_004633","Pseudomonas syringae pv. tomato str. DC3000","plant rot",TRUE,"BacMap","exp","usually","strain","Pseudomonas syringae group genomosp. 3",251701,"species","High"
267608,NA,"NC_003295, NC_003296","Ralstonia solanacearum GMI1000","plant rot",TRUE,"BacMap","exp","usually","strain","Ralstonia solanacearum",305,"species","High"
288705,NA,"NC_010168","Renibacterium salmoninarum ATCC 33209","bacterial kidney disease (bkd)",TRUE,"BacMap","exp","usually","strain","Renibacterium salmoninarum",1646,"species","High"
685727,NA,"NC_014659","Rhodococcus equi 103S","pneumonia",TRUE,"BacMap","exp","usually","strain","Rhodococcus equi",43767,"species","High"
347255,NA,"NC_012633, NC_012634","Rickettsia africae ESF-5","african tick-bite fever",TRUE,"BacMap","exp","usually","strain","Rickettsia africae",35788,"species","High"
293614,NA,"NC_009881","Rickettsia akari str. Hartford","rickettsialpox",TRUE,"BacMap","exp","usually","strain","Rickettsia akari",786,"species","High"
293613,NA,"NC_009879","Rickettsia canadensis str. McKiel","epidemic typhus",TRUE,"BacMap","exp","usually","strain","Rickettsia canadensis",788,"species","High"
272944,NA,"NC_003103","Rickettsia conorii str. Malish 7","rocky mountain spotted fever",TRUE,"BacMap","exp","usually","strain","Rickettsia conorii",781,"species","High"
315456,NA,"NC_007109, NC_007110, NC_007111","Rickettsia felis URRWXCal2","spotted-fever like illness",TRUE,"BacMap","exp","usually","strain","Rickettsia felis",42862,"species","High"
272947,NA,"NC_000963","Rickettsia prowazekii str. Madrid E","louse-borne typhus, mediterranean spotted fever, epidemic typhus",TRUE,"BacMap","exp","usually","strain","Rickettsia prowazekii",782,"species","High"
392021,NA,"NC_009882","Rickettsia rickettsii str. 'Sheila Smith'","rocky mountain spotted fever",TRUE,"BacMap","exp","usually","strain","Rickettsia rickettsii",783,"species","High"
452659,NA,"NC_010263","Rickettsia rickettsii str. Iowa","rocky mountain spotted fever",TRUE,"BacMap","exp","usually","strain","Rickettsia rickettsii",783,"species","High"
257363,NA,"NC_006142","Rickettsia typhi str. Wilmington","endemic typhus and murine typhus",TRUE,"BacMap","exp","usually","strain","Rickettsia typhi",785,"species","High"
693978,NA,"NC_014738","Riemerella anatipestifer DSM 15868","epizootic infectious polyserositis and septcemia",TRUE,"BacMap","exp","usually","strain","Riemerella anatipestifer",34085,"species","High"
471857,NA,"NC_013159","Saccharomonospora viridis DSM 43017","farmer's lung, hypersensitivity pneumonitis",TRUE,"BacMap","exp","usually","strain","Saccharomonospora viridis",1852,"species","High"
41514,NA,"NC_010067","Salmonella enterica subsp. arizonae serovar 62:z4,z23:-- str.","gastroenteritis",TRUE,"BacMap","exp","usually","no rank","Salmonella enterica",28901,"species","High"
454166,NA,"NC_011148, NC_011149","Salmonella enterica subsp. enterica serovar Agona str. SL483","gastroenteritis",TRUE,"BacMap","exp","usually","strain","Salmonella enterica",28901,"species","High"
321314,NA,"NC_006855, NC_006856, NC_006905","Salmonella enterica subsp. enterica serovar Choleraesuis str.","salmonellosis and swine paratyphoid",TRUE,"BacMap","exp","usually","strain","Salmonella enterica",28901,"species","High"
439851,NA,"NC_011204, NC_011205","Salmonella enterica subsp. enterica serovar Dublin str. CT_02021853","bacteremia, gastroenteritis",TRUE,"BacMap","exp","usually","strain","Salmonella enterica",28901,"species","High"
550537,NA,"NC_011294","Salmonella enterica subsp. enterica serovar Enteritidis str.","salmonellosis",TRUE,"BacMap","exp","usually","strain","Salmonella enterica",28901,"species","High"
550538,NA,"NC_011274","Salmonella enterica subsp. enterica serovar Gallinarum str. 287/91","fowl typhoid",TRUE,"BacMap","exp","usually","strain","Salmonella enterica",28901,"species","High"
454169,NA,"NC_011081, NC_011082, NC_011083","Salmonella enterica subsp. enterica serovar Heidelberg str. SL476","gastroenteritis",TRUE,"BacMap","exp","usually","strain","Salmonella enterica",28901,"species","High"
423368,NA,"NC_009140, NC_011079, NC_011080","Salmonella enterica subsp. enterica serovar Newport str. SL254","gastroenteritis",TRUE,"BacMap","exp","usually","strain","Salmonella enterica",28901,"species","High"
554290,NA,"NC_011147","Salmonella enterica subsp. enterica serovar Paratyphi A str.","paratyphoid fever",TRUE,"BacMap","exp","usually","strain","Salmonella enterica",28901,"species","High"
295319,NA,"NC_006511","Salmonella enterica subsp. enterica serovar Paratyphi A str. ATCC","paratyphoid fever",TRUE,"BacMap","exp","usually","strain","Salmonella enterica",28901,"species","High"
476213,NA,"NC_012124, NC_012125","Salmonella enterica subsp. enterica serovar Paratyphi C strain","paratyphoid fever",TRUE,"BacMap","exp","usually","strain","Salmonella enterica",28901,"species","High"
439843,NA,"NC_011092, NC_011093, NC_011094","Salmonella enterica subsp. enterica serovar Schwarzengrund str.","gastroenteritis",TRUE,"BacMap","exp","usually","strain","Salmonella enterica",28901,"species","High"
220341,NA,"NC_003198, NC_003384, NC_003385","Salmonella enterica subsp. enterica serovar Typhi str. CT18","typhoid fever",TRUE,"BacMap","exp","usually","strain","Salmonella enterica",28901,"species","High"
209261,NA,"NC_004631","Salmonella enterica subsp. enterica serovar Typhi str. Ty2","typhoid fever",TRUE,"BacMap","exp","usually","strain","Salmonella enterica",28901,"species","High"
99287,NA,"NC_003197, NC_003277","Salmonella enterica subsp. enterica serovar Typhimurium str. LT2","gastroenteritis and food poisoning",TRUE,"BacMap","exp","usually","strain","Salmonella enterica",28901,"species","High"
399741,NA,"NC_009829, NC_009832","Serratia proteamaculans 568","pneumonia",TRUE,"BacMap","exp","usually","strain","Serratia proteamaculans",28151,"species","High"
211586,NA,"NC_004347, NC_004349","Shewanella oneidensis MR-1","rare opportunistic pathogen of humans",TRUE,"BacMap","exp","usually","strain","Shewanella oneidensis",70863,"species","High"
319224,NA,"NC_009438","Shewanella putrefaciens CN-32","soft tissue infections",TRUE,"BacMap","exp","usually","strain","Shewanella putrefaciens",24,"species","High"
351745,NA,"NC_008750","Shewanella sp. W3-18-1","soft tissue infections",TRUE,"BacMap","exp","usually","species","Shewanella",22,"genus","High"
344609,NA,"NC_010656, NC_010657, NC_010658, NC_010659, NC_010660, NC_010672","Shigella boydii CDC 3083-94","dysentery",TRUE,"BacMap","exp","usually","strain","Shigella boydii",621,"species","High"
300268,NA,"NC_007608, NC_007613","Shigella boydii Sb227","dysentery",TRUE,"BacMap","exp","usually","strain","Shigella boydii",621,"species","High"
300267,NA,"NC_007606, NC_007607, NC_009344","Shigella dysenteriae Sd197","dysentery",TRUE,"BacMap","exp","usually","strain","Shigella dysenteriae",622,"species","High"
198215,NA,"NC_004741","Shigella flexneri 2a str. 2457T","dysentery",TRUE,"BacMap","exp","usually","strain","Shigella flexneri",623,"species","High"
198214,NA,"NC_004337, NC_004851","Shigella flexneri 2a str. 301","dysentery",TRUE,"BacMap","exp","usually","strain","Shigella flexneri",623,"species","High"
373384,NA,"NC_008258","Shigella flexneri 5 str. 8401","dysentery",TRUE,"BacMap","exp","usually","strain","Shigella flexneri",623,"species","High"
300269,NA,"NC_007384, NC_007385, NC_009345, NC_009346, NC_009347","Shigella sonnei Ss046","dysentery",TRUE,"BacMap","exp","usually","strain","Shigella sonnei",624,"species","High"
273036,NA,"NC_007622","Staphylococcus aureus RF122","mastitis",TRUE,"BacMap","exp","usually","strain","Staphylococcus aureus",1280,"species","High"
93062,NA,"NC_002951, NC_006629","Staphylococcus aureus subsp. aureus COL","toxic-shock syndrome and staphylococcal scarlet fever",TRUE,"BacMap","exp","usually","strain","Staphylococcus aureus",1280,"species","High"
359787,NA,"NC_009619, NC_009632","Staphylococcus aureus subsp. aureus JH1","toxic-shock syndrome and staphylococcal scarlet fever",TRUE,"BacMap","exp","usually","strain","Staphylococcus aureus",1280,"species","High"
359786,NA,"NC_009477, NC_009487","Staphylococcus aureus subsp. aureus JH9","toxic-shock syndrome and staphylococcal scarlet fever",TRUE,"BacMap","exp","usually","strain","Staphylococcus aureus",1280,"species","High"
282458,NA,"NC_002952","Staphylococcus aureus subsp. aureus MRSA252","toxic-shock syndrome and staphylococcal scarlet fever",TRUE,"BacMap","exp","usually","strain","Staphylococcus aureus",1280,"species","High"
282459,NA,"NC_002953, NC_005951","Staphylococcus aureus subsp. aureus MSSA476","toxic-shock syndrome and staphylococcal scarlet fever",TRUE,"BacMap","exp","usually","strain","Staphylococcus aureus",1280,"species","High"
418127,NA,"NC_009782","Staphylococcus aureus subsp. aureus Mu3","variety of infections",TRUE,"BacMap","exp","usually","strain","Staphylococcus aureus",1280,"species","High"
158878,NA,"NC_002758, NC_002774","Staphylococcus aureus subsp. aureus Mu50","toxic-shock syndrome and staphylococcal scarlet fever",TRUE,"BacMap","exp","usually","strain","Staphylococcus aureus",1280,"species","High"
196620,NA,"NC_003923","Staphylococcus aureus subsp. aureus MW2","toxic-shock syndrome and staphylococcal scarlet fever",TRUE,"BacMap","exp","usually","strain","Staphylococcus aureus",1280,"species","High"
158879,NA,"NC_002745, NC_003140","Staphylococcus aureus subsp. aureus N315","toxic-shock syndrome and staphylococcal scarlet fever",TRUE,"BacMap","exp","usually","strain","Staphylococcus aureus",1280,"species","High"
93061,NA,"NC_007795","Staphylococcus aureus subsp. aureus NCTC 8325","toxic-shock syndrome and staphylococcal scarlet fever",TRUE,"BacMap","exp","usually","strain","Staphylococcus aureus",1280,"species","High"
426430,NA,"NC_009641","Staphylococcus aureus subsp. aureus str. Newman","skin infections, pneumonia, endocarditis",TRUE,"BacMap","exp","usually","strain","Staphylococcus aureus",1280,"species","High"
451515,NA,"NC_007790, NC_007791, NC_007792, NC_007793","Staphylococcus aureus subsp. aureus USA300_FPR3757","septicemia, pneumonia",TRUE,"BacMap","exp","usually","no rank","Staphylococcus aureus subsp. aureus USA300",367830,"strain","High"
451516,NA,"NC_010063, NC_010079, NC_012417","Staphylococcus aureus subsp. aureus USA300_TCH1516","septicemia, pneumonia",TRUE,"BacMap","exp","usually","no rank","Staphylococcus aureus subsp. aureus USA300",367830,"strain","High"
176280,NA,"NC_004461, NC_005003, NC_005004, NC_005005, NC_005006, NC_005007, NC_005008","Staphylococcus epidermidis ATCC 12228","toxic-shock syndrome and staphylococcal scarlet fever",TRUE,"BacMap","exp","usually","strain","Staphylococcus epidermidis",1282,"species","High"
176279,NA,"NC_002976, NC_006663","Staphylococcus epidermidis RP62A","toxic-shock syndrome and staphylococcal scarlet fever",TRUE,"BacMap","exp","usually","strain","Staphylococcus epidermidis",1282,"species","High"
279808,NA,"NC_007168, NC_007169, NC_007170, NC_007171","Staphylococcus haemolyticus JCSC1435","wide range of opportunistic infections",TRUE,"BacMap","exp","usually","strain","Staphylococcus haemolyticus",1283,"species","High"
342451,NA,"NC_007350, NC_007351, NC_007352","Staphylococcus saprophyticus subsp. saprophyticus ATCC 15305","urinary tract infections",TRUE,"BacMap","exp","usually","strain","Staphylococcus saprophyticus",29385,"species","High"
522373,NA,"NC_010943","Stenotrophomonas maltophilia K279a","blood, respiratory, and urinary infections",TRUE,"BacMap","exp","usually","strain","Stenotrophomonas maltophilia",40324,"species","High"
519441,NA,"NC_013515, NC_013516","Streptobacillus moniliformis DSM 12112","rat bite fever",TRUE,"BacMap","exp","usually","strain","Streptobacillus moniliformis",34105,"species","High"
208435,NA,"NC_004116","Streptococcus agalactiae 2603V/R","septicemia, pneumonia, and meningitis",TRUE,"BacMap","exp","usually","strain","Streptococcus agalactiae",1311,"species","High"
205921,NA,"NC_007432","Streptococcus agalactiae A909","septicemia, pneumonia, and meningitis",TRUE,"BacMap","exp","usually","strain","Streptococcus agalactiae",1311,"species","High"
211110,NA,"NC_004368","Streptococcus agalactiae NEM316","neonatal gbs meningitis",TRUE,"BacMap","exp","usually","strain","Streptococcus agalactiae",1311,"species","High"
486410,NA,"NC_012891","Streptococcus dysgalactiae subsp. equisimilis GGS_124","endocarditis. septicemia, meningitis",TRUE,"BacMap","exp","usually","strain","Streptococcus dysgalactiae",1334,"species","High"
553482,NA,"NC_012471","Streptococcus equi subsp. equi 4047","strangles",TRUE,"BacMap","exp","usually","strain","Streptococcus equi",1336,"species","High"
40041,NA,"NC_011134, NC_012470","Streptococcus equi subsp. zooepidemicus","inflammatory airway disease, opportunistic infections",TRUE,"BacMap","exp","usually","subspecies","Streptococcus equi",1336,"species","High"
467705,NA,"NC_009785","Streptococcus gordonii str. Challis substr. CH1","caries and periodontal diseases",TRUE,"BacMap","exp","usually","no rank","Streptococcus gordonii str. Challis",29390,"strain","High"
365659,NA,"NC_013853","Streptococcus mitis B6","bacterial endocarditis",TRUE,"BacMap","exp","usually","strain","Streptococcus mitis",28037,"species","High"
511691,NA,"NC_013928","Streptococcus mutans NN2025","dental caries, endocarditis",TRUE,"BacMap","exp","usually","strain","Streptococcus mutans",1309,"species","High"
210007,NA,"NC_004350","Streptococcus mutans UA159","dental caries",TRUE,"BacMap","exp","usually","strain","Streptococcus mutans",1309,"species","High"
189423,NA,"NC_014498","Streptococcus pneumoniae 670-6B","pneumonia",TRUE,"BacMap","exp","usually","strain","Streptococcus pneumoniae",1313,"species","High"
488221,NA,"NC_012468","Streptococcus pneumoniae 70585","pneumonia",TRUE,"BacMap","exp","usually","strain","Streptococcus pneumoniae",1313,"species","High"
574093,NA,"NC_014494","Streptococcus pneumoniae AP200","pneumonia",TRUE,"BacMap","exp","usually","strain","Streptococcus pneumoniae",1313,"species","High"
561276,NA,"NC_011900","Streptococcus pneumoniae ATCC 700669","pneumonia, meningitis, and bacteremia",TRUE,"BacMap","exp","usually","strain","Streptococcus pneumoniae",1313,"species","High"
516950,NA,"NC_010582","Streptococcus pneumoniae CGSP14","pneumonia",TRUE,"BacMap","exp","usually","strain","Streptococcus pneumoniae",1313,"species","High"
373153,NA,"NC_008533","Streptococcus pneumoniae D39","pneumonia",TRUE,"BacMap","exp","usually","strain","Streptococcus pneumoniae",1313,"species","High"
512566,NA,"NC_011072","Streptococcus pneumoniae G54","pneumonia",TRUE,"BacMap","exp","usually","strain","Streptococcus pneumoniae",1313,"species","High"
487214,NA,"NC_010380","Streptococcus pneumoniae Hungary19A-6","pneumonia",TRUE,"BacMap","exp","usually","strain","Streptococcus pneumoniae",1313,"species","High"
488222,NA,"NC_012466","Streptococcus pneumoniae JJA","pneumonia",TRUE,"BacMap","exp","usually","strain","Streptococcus pneumoniae",1313,"species","High"
488223,NA,"NC_012467","Streptococcus pneumoniae P1031","pneumonia",TRUE,"BacMap","exp","usually","strain","Streptococcus pneumoniae",1313,"species","High"
487213,NA,"NC_012469","Streptococcus pneumoniae Taiwan19F-14","pneumonia",TRUE,"BacMap","exp","usually","strain","Streptococcus pneumoniae",1313,"species","High"
170187,NA,"NC_003028","Streptococcus pneumoniae TIGR4","pneumonia, meningitis, bacteremia, sinusitis, otitis media, conjunctivitis",TRUE,"BacMap","exp","usually","strain","Streptococcus pneumoniae",1313,"species","High"
160490,NA,"NC_002737","Streptococcus pyogenes M1 GAS","wide range of infections",TRUE,"BacMap","exp","usually","strain","Streptococcus pyogenes",1314,"species","High"
370552,NA,"NC_008022","Streptococcus pyogenes MGAS10270","wide range of infections",TRUE,"BacMap","exp","usually","strain","Streptococcus pyogenes",1314,"species","High"
286636,NA,"NC_006086","Streptococcus pyogenes MGAS10394","wide range of infections",TRUE,"BacMap","exp","usually","strain","Streptococcus pyogenes",1314,"species","High"
370554,NA,"NC_008024","Streptococcus pyogenes MGAS10750","wide range of infections",TRUE,"BacMap","exp","usually","strain","Streptococcus pyogenes",1314,"species","High"
370553,NA,"NC_008023","Streptococcus pyogenes MGAS2096","wide range of infections",TRUE,"BacMap","exp","usually","strain","Streptococcus pyogenes",1314,"species","High"
198466,NA,"NC_004070","Streptococcus pyogenes MGAS315","wide range of infections",TRUE,"BacMap","exp","usually","strain","Streptococcus pyogenes",1314,"species","High"
293653,NA,"NC_007297","Streptococcus pyogenes MGAS5005","wide range of infections",TRUE,"BacMap","exp","usually","strain","Streptococcus pyogenes",1314,"species","High"
319701,NA,"NC_007296","Streptococcus pyogenes MGAS6180","wide range of infections",TRUE,"BacMap","exp","usually","strain","Streptococcus pyogenes",1314,"species","High"
186103,NA,"NC_003485","Streptococcus pyogenes MGAS8232","wide range of infections",TRUE,"BacMap","exp","usually","strain","Streptococcus pyogenes",1314,"species","High"
370551,NA,"NC_008021","Streptococcus pyogenes MGAS9429","wide range of infections",TRUE,"BacMap","exp","usually","strain","Streptococcus pyogenes",1314,"species","High"
471876,NA,"NC_011375","Streptococcus pyogenes NZ131","wide range of infections",TRUE,"BacMap","exp","usually","strain","Streptococcus pyogenes",1314,"species","High"
193567,NA,"NC_004606","Streptococcus pyogenes SSI-1","wide range of infections",TRUE,"BacMap","exp","usually","strain","Streptococcus pyogenes",1314,"species","High"
160491,NA,"NC_009332","Streptococcus pyogenes str. Manfredo","wide range of infections",TRUE,"BacMap","exp","usually","strain","Streptococcus pyogenes",1314,"species","High"
388919,NA,"NC_009009","Streptococcus sanguinis SK36","endocarditis",TRUE,"BacMap","exp","usually","strain","Streptococcus sanguinis",1305,"species","High"
391295,NA,"NC_009442","Streptococcus suis 05ZYH33","meningitis, endocarditis, septicemia and arthritis",TRUE,"BacMap","exp","usually","strain","Streptococcus suis",1307,"species","High"
391296,NA,"NC_009443","Streptococcus suis 98HAH33","meningitis, endocarditis, septicemia and arthritis",TRUE,"BacMap","exp","usually","strain","Streptococcus suis",1307,"species","High"
568814,NA,"NC_012923, NC_012926","Streptococcus suis BM407","meningitis, arthritis, pneumonia",TRUE,"BacMap","exp","usually","strain","Streptococcus suis",1307,"species","High"
568813,NA,"NC_012924","Streptococcus suis SC84","meningitis, arthritis, pneumonia",TRUE,"BacMap","exp","usually","strain","Streptococcus suis",1307,"species","High"
218495,NA,"NC_012004","Streptococcus uberis 0140J","mastitis",TRUE,"BacMap","exp","usually","strain","Streptococcus uberis",1349,"species","High"
680198,NA,"NC_013929","Streptomyces scabiei 87.22","scab disease",TRUE,"BacMap","exp","usually","strain","Streptomyces scabiei",1930,"species","High"
269800,NA,"NC_007333","Thermobifida fusca YX","mushroom worker's disease, farmer's lung disease",TRUE,"BacMap","exp","usually","strain","Thermobifida fusca",2021,"species","High"
243275,NA,"NC_002967","Treponema denticola ATCC 35405","periodontal disease, gum inflamation",TRUE,"BacMap","exp","usually","strain","Treponema denticola",158,"species","High"
455434,NA,"NC_010741","Treponema pallidum subsp. pallidum SS14","syphilis",TRUE,"BacMap","exp","usually","strain","Treponema pallidum",160,"species","High"
243276,NA,"NC_000919","Treponema pallidum subsp. pallidum str. Nichols","syphilis",TRUE,"BacMap","exp","usually","strain","Treponema pallidum",160,"species","High"
545776,NA,"NC_015714","Treponema paraluiscuniculi Cuniculi A","rabbit syphilis",TRUE,"BacMap","exp","usually","strain","Treponema paraluiscuniculi",53435,"species","High"
203267,NA,"NC_004572","Tropheryma whipplei str. Twist","whipple's disease",TRUE,"BacMap","exp","usually","strain","Tropheryma whipplei",2039,"species","High"
218496,NA,"NC_004551","Tropheryma whipplei TW08/27","whipple's disease",TRUE,"BacMap","exp","usually","strain","Tropheryma whipplei",2039,"species","High"
521096,NA,"NC_014158, NC_014159","Tsukamurella paurometabola DSM 20162","rare infections",TRUE,"BacMap","exp","usually","strain","Tsukamurella paurometabola",2061,"species","High"
505682,NA,"NC_010503","Ureaplasma parvum serovar 3 str. ATCC 27815","urogenital or respiratory tracts infections",TRUE,"BacMap","exp","usually","strain","Ureaplasma parvum",134821,"species","High"
273119,NA,"NC_002162","Ureaplasma parvum serovar 3 str. ATCC 700970","urogenital or respiratory tracts infections",TRUE,"BacMap","exp","usually","strain","Ureaplasma parvum",134821,"species","High"
565575,NA,"NC_011374","Ureaplasma urealyticum serovar 10 str. ATCC 33699","urogenital or respiratory tracts infections",TRUE,"BacMap","exp","usually","strain","Ureaplasma urealyticum",2130,"species","High"
479436,NA,"NC_013520","Veillonella parvula DSM 2008","rare opportunistic infections",TRUE,"BacMap","exp","usually","strain","Veillonella parvula",29466,"species","High"
579112,NA,"NC_012578, NC_012580","Vibrio cholerae M66-2","cholera",TRUE,"BacMap","exp","usually","strain","Vibrio cholerae",666,"species","High"
593588,NA,"NC_012667, NC_012668","Vibrio cholerae MJ-1236","cholera",TRUE,"BacMap","exp","usually","strain","Vibrio cholerae",666,"species","High"
243277,NA,"NC_002505, NC_002506","Vibrio cholerae O1 biovar El Tor str. N16961","cholera",TRUE,"BacMap","exp","usually","strain","Vibrio cholerae",666,"species","High"
345073,NA,"NC_009456, NC_009457, CP001235","Vibrio cholerae O395","cholera",TRUE,"BacMap","exp","usually","strain","Vibrio cholerae",666,"species","High"
2902295,NA,"NC_009777, NC_009783, NC_009784","Vibrio harveyi ATCC BAA-1116","vibriosis",TRUE,"BacMap","exp","usually","strain","Vibrio campbellii",680,"species","High"
223926,NA,"NC_004603, NC_004605","Vibrio parahaemolyticus RIMD 2210633","gastroenteritis",TRUE,"BacMap","exp","usually","strain","Vibrio parahaemolyticus",670,"species","High"
575788,NA,"NC_011744, NC_011753","Vibrio splendidus LGP32","vibriosis",TRUE,"BacMap","exp","usually","strain","Vibrio atlanticus",693153,"species","High"
216895,NA,"NC_004459, NC_004460","Vibrio vulnificus CMCP6","gastroenteritis, wound infections, primary septicemia",TRUE,"BacMap","exp","usually","strain","Vibrio vulnificus",672,"species","High"
196600,NA,"NC_005128, NC_005139, NC_005140","Vibrio vulnificus YJ016","gastroenteritis, wound infections, primary septicemia",TRUE,"BacMap","exp","usually","strain","Vibrio vulnificus",672,"species","High"
190486,NA,"NC_003919, NC_003921, NC_003922","Xanthomonas axonopodis pv. citri str. 306","citrus canker",TRUE,"BacMap","exp","usually","strain","Xanthomonas citri",346,"species","High"
314565,NA,"NC_007086","Xanthomonas campestris pv. campestris str. 8004","black rot and citrus canker",TRUE,"BacMap","exp","usually","strain","Xanthomonas campestris",339,"species","High"
190485,NA,"NC_003902","Xanthomonas campestris pv. campestris str. ATCC 33913","black rot",TRUE,"BacMap","exp","usually","strain","Xanthomonas campestris",339,"species","High"
316273,NA,"NC_007504, NC_007505, NC_007506, NC_007507, NC_007508","Xanthomonas campestris pv. vesicatoria str. 85-10","bacterial spot",TRUE,"BacMap","exp","usually","strain","Xanthomonas euvesicatoria",456327,"species","High"
291331,NA,"NC_006834","Xanthomonas oryzae pv. oryzae KACC10331","rice bacterial blight disease",TRUE,"BacMap","exp","usually","strain","Xanthomonas oryzae",347,"species","High"
342109,NA,"NC_007705","Xanthomonas oryzae pv. oryzae MAFF 311018","rice bacterial blight disease",TRUE,"BacMap","exp","usually","strain","Xanthomonas oryzae",347,"species","High"
360094,NA,"NC_010717","Xanthomonas oryzae pv. oryzae PXO99A","rice bacterial blight disease",TRUE,"BacMap","exp","usually","strain","Xanthomonas oryzae",347,"species","High"
406817,NA,"NC_014170, NC_014228","Xenorhabdus nematophila ATCC 19061","bacteremia",TRUE,"BacMap","exp","usually","strain","Xenorhabdus nematophila",628,"species","High"
160492,NA,"NC_002488, NC_002489, NC_002490","Xylella fastidiosa 9a5c","citrus variegated chlorosis",TRUE,"BacMap","exp","usually","strain","Xylella fastidiosa",2371,"species","High"
405440,NA,"NC_010513","Xylella fastidiosa M12","citrus variegated chlorosis",TRUE,"BacMap","exp","usually","strain","Xylella fastidiosa",2371,"species","High"
183190,NA,"NC_004554, NC_004556","Xylella fastidiosa Temecula1","black rot and citrus canker",TRUE,"BacMap","exp","usually","strain","Xylella fastidiosa",2371,"species","High"
393305,NA,"NC_008791, NC_008800","Yersinia enterocolitica subsp. enterocolitica 8081","gastroenteritis",TRUE,"BacMap","exp","usually","strain","Yersinia enterocolitica",630,"species","High"
349746,NA,"NC_010157, NC_010158, NC_010159","Yersinia pestis Angola","bubonic plague",TRUE,"BacMap","exp","usually","strain","Yersinia pestis",632,"species","High"
360102,NA,"NC_008120, NC_008121, NC_008122, NC_008150","Yersinia pestis Antiqua","bubonic plague",TRUE,"BacMap","exp","usually","strain","Yersinia pestis",632,"species","High"
229193,NA,"NC_005810, NC_005813, NC_005814, NC_005815, NC_005816","Yersinia pestis biovar Microtus str. 91001","bubonic plague",TRUE,"BacMap","exp","usually","strain","Yersinia pestis",632,"species","High"
214092,NA,"NC_003131, NC_003132, NC_003134, NC_003143","Yersinia pestis CO92","bubonic plague",TRUE,"BacMap","exp","usually","strain","Yersinia pestis",632,"species","High"
187410,NA,"NC_004088, NC_004838","Yersinia pestis KIM 10","bubonic plague",TRUE,"BacMap","exp","usually","strain","Yersinia pestis",632,"species","High"
377628,NA,"NC_008118, NC_008119, NC_008149","Yersinia pestis Nepal516","bubonic plague",TRUE,"BacMap","exp","usually","strain","Yersinia pestis",632,"species","High"
386656,NA,"NC_009377, NC_009378, NC_009381","Yersinia pestis Pestoides F","bubonic plague",TRUE,"BacMap","exp","usually","strain","Yersinia pestis",632,"species","High"
349747,NA,"NC_009704, NC_009705, NC_009708","Yersinia pseudotuberculosis IP 31758","gastroenteritis",TRUE,"BacMap","exp","usually","strain","Yersinia pseudotuberculosis",633,"species","High"
273123,NA,"NC_006153, NC_006154, NC_006155","Yersinia pseudotuberculosis IP 32953","gastroenteritis",TRUE,"BacMap","exp","usually","strain","Yersinia pseudotuberculosis",633,"species","High"
502801,NA,"NC_010634, NC_010635","Yersinia pseudotuberculosis PB1/+","gastroenteritis",TRUE,"BacMap","exp","usually","strain","Yersinia pseudotuberculosis",633,"species","High"
502800,NA,"NC_010465","Yersinia pseudotuberculosis YPIII","gastroenteritis",TRUE,"BacMap","exp","usually","strain","Yersinia pseudotuberculosis",633,"species","High"
